Common name	Color	Power text	Predator	Flocking	Bonus card	Victory points	Nest type	Egg capacity	Wingspan	Forest	Grassland	Wetland	Invertebrate	Seed	Fish	Fruit	Rodent	Nectar	Wild (food)	/ (food cost)	* (food cost)	Total food cost	Anatomist	Cartographer	Historian	Photographer	Backyard Birder	Bird Bander	Bird Counter	Bird Feeder	Diet Specialist	Enclosure Builder	Falconer	Fishery Manager	Food Web Expert	Forester	Large Bird Specialist	Nest Box Builder	Omnivore Expert	Passerine Specialist	Platform Builder	Prairie Manager	Rodentologist	Viticulturalist	Wetland Scientist	Wildlife Gardener
Abbott's Booby	White	Draw 3 bonus cards, then discard 2. You may discard bonus cards you did not draw this turn.			X	5	Platform	1	190			X			2										X				0				0	X			X				X				X
Acorn Woodpecker	Brown	Gain 1 [seed] from the birdfeeder (if available). You may cache it on this card.				5	Cavity	4	46	X				3								3							0	X	X		0			X		X
American Avocet 	Pink	When another player takes the "lay eggs" action, this bird lays 1 [egg] on another bird with a [ground] nest.				6	Ground	2	79			X	2	1								3		X					0	X	X	X	0				X								X
American Bittern 	Brown	Player(s) with the fewest [wetland] birds: draw 1 [card].				7	Platform	2	107			X	1		1		1					3		X					0		X		0	X			X				X		X		X
American Coot	Brown	Tuck a [card] from your hand behind this bird. If you do, draw 1 [card].		X		3	Platform	5	61			X		1					1			2		X			X		X	X			0						X		X				X
American Crow 	Brown	Discard 1 [egg] from any of your other birds to gain 1 [wild] from the supply.				4	Platform	2	99	X	X	X							1			1		X				X	0				0				X		X		X
American Goldfinch 	White	Gain 3 [seed] from the supply.				3	Bowl	3	23		X			2								2		X		X	X		0	X			0							X		X				X
American Kestrel 	Brown	Roll all dice not in birdfeeder. If any are [rodent], gain 1 [rodent] and cache it on this card.	X			5	Cavity	3	56		X		1				1					2		X					0				X					X				X	X
American Oystercatcher	White	Draw [card] equal to the number of players +1. Starting with you and proceeding clockwise, each player selects 1 of those cards and places it in their hand. You keep the extra card.				5	Ground	2	81			X	2									2		X					0			X	0		X		X								X
American Redstart	Brown	Gain 1 [wild] from the birdfeeder.				4	Bowl	2	20	X			1			1						2		X		X			0				0			X				X				X		X
American Robin	Brown	Tuck a [card] from your hand behind this bird. If you do, draw 1 [card].		X		1	Bowl	4	43	X	X		1			1				X		1		X			X	X	X				0											X		X
American White Pelican 	Brown	Discard a [fish] to tuck 2 [card] from the deck behind this bird.		X		5	Ground	1	274			X			2							2		X		X			X			X	0	X			X								X
American Woodcock						9	Ground	2	46	X	X		2	1								3		X				X	0	X	X	X	0
Anhinga	Brown	Roll all dice not in birdfeeder. If any are [fish], gain 1 [fish] and cache it on this card.	X			6	Platform	2	114			X			2							2							0				X	X			X				X				X
Anna's Hummingbird 	Brown	Each player gains 1 [die] from the birdfeeder, starting with the player of your choice.				4	Bowl	2	13	X	X	X							1			1			X			X	0				0						X	X						X
Ash-Throated Flycatcher 	White	Lay 1 [egg] on each of your birds with a [cavity] nest.				4	Cavity	4	30		X		2			1						3	X			X			0		X		0					X		X		X		X
Atlantic Puffin	White	Draw 2 new bonus cards and keep 1.			X	8	Wild	1	53			X			3							3		X					0		X	X	0	X				X			X				X	X
Audouin's Gull	Brown	Draw 2 [card] from the deck. Tuck 1 behind this bird and keep the other.		X		1	Ground	2	132			X			1				1			2			X		X		X			X	0	X			X		X						X
Australasian Pipit	Yellow	Tuck 1 [card] from the deck behind each bird in your [grassland], including this one.		X		3	Ground	4	31		X		1	1										X			X		X	X		X	0									X
Australasian Shoveler	Brown	Choose 1 other player. You both draw 1 [card] from the deck.				4	Ground	4	75			X	1	1										X					0	X		X	0				X								X
Australian Ibis	Brown	Shuffle the discard pile, then draw 2 [card] from it. Choose 1 and tuck it behind this bird or add it to your hand. Discard the other.		X		5	Platform	2	118		X	X	1		1				1					X				X	X		X		0	X			X		X		X
Australian Magpie	Yellow	Discard 1 [egg] from each bird in this row and column that has an [egg] on it, excluding this bird. For each discarded [egg], cache 2 [seed] from the supply on this bird.				4	Platform	2	75		X		1				2							X					0		X		0				X				X	X	X
Australian Owlet-Nightjar	Pink	When another player takes the "gain food" action, gain 1 [invertebrate] from the birdfeeder, if there is one, at the end of their turn.				2	Cavity	2	28	X	X	X	1				1			X				X			X	X	0				0					X		X			X
Australian Raven	Yellow	Cache up to 5 [wild] from your supply on this bird.				7	Platform	3	100	X	X	X	1				1		1					X				X	0		X		0				X		X		X		X
Australian Reed Warbler	White	Play another bird in your wetland. Pay its normal cost with a 1 [egg] discount.				2	Bowl	3	21			X	1											X			X		0				0		X					X					X	X
Australian Shelduck	Brown	Draw 1 face-up [card] from the tray with a [cavity] or [star] nest. You may reset or refill the tray before doing so.				3	Cavity	4	113			X	1	1										X			X		0	X			0				X	X							X
Australian Zebra Finch	Brown	If the player to your right has a [seed] in their personal supply, tuck a [card] from the deck behind this bird.				1	Wild	3	22		X			1										X			X		0	X		X	0					X		X	X	X				X
Baird's Sparrow 	Brown	Lay 1 [egg] on any bird.				3	Ground	2	23		X		1	1								2			X		X		0	X		X	0							X		X
Bald Eagle 	White	Gain all [fish] that are in the birdfeeder.				9	Platform	1	203			X			2		1					3							0		X		0	X			X				X		X		X
Baltimore Oriole 	Brown	All players gain 1 [fruit] from the supply.				9	Wild	2	30	X			1			2						3		X					0		X	X	0			X		X		X	X			X		X
Barn Owl	Brown	Roll all dice not in birdfeeder. If any are [rodent], gain 1 [rodent] and cache it on this card.	X			5	Cavity	4	107	X	X	X					2					2						X	0				X				X	X					X
Barn Swallow	Brown	Tuck a [card] from your hand behind this bird. If you do, draw 1 [card].		X		1	Wild	3	38		X	X	1									1					X	X	X			X	0		X			X			X					X
Barred Owl	Brown	Look at a [card] from the deck. If <75cm, tuck it behind this bird. If not, discard it.	X			3	Cavity	2	107	X							1					1					X		0				X			X	X	X					X
Barrow's Goldeneye 	Pink	When another player takes the "lay eggs" action, this bird lays 1 [egg] on another bird with a [cavity] nest.				5	Cavity	4	71			X	1	1	1							3	X		X	X			0	X	X		0	X			X	X							X
Bell's Vireo	White	Draw 2 new bonus cards and keep 1.			X	4	Wild	2	18	X	X		2									2			X			X	0			X	0		X			X		X	X					X
Belted Kingfisher 	Pink	When another player plays a [wetland] bird, gain 1 [fish] from the supply.				4	Wild	4	53			X			1				1			2							0			X	0	X				X	X		X				X	X
Bewick's Wren	Brown	If this bird is to the right of all other birds in its habitat, move it to another habitat.				4	Cavity	3	18	X	X	X	2	1								3			X			X	0	X	X		0					X		X
Black Noddy	Brown	Reset the birdfeeder and gain all [fish], if there are any. You may discard any of these [fish] to tuck that many [card] from the deck behind this bird instead.		X		9	Platform	1	69			X			3											X			X		X		0	X			X				X				X
Black Redstart	Teal	Choose a habitat with no [egg]. Lay 1 [egg] on each bird in that habitat.				0	Wild	4	24		X		1	1		1						3				X	X		0	X	X	X	0					X		X	X	X		X		X
Black Skimmer 	Brown	Roll all dice not in birdfeeder. If any are [fish], gain 1 [fish] and cache it on this card.	X			6	Ground	2	112			X			2							2				X			0			X	X	X			X								X
Black Swan	Yellow	Lay 1 [egg] on each of your birds with a wingspan over 100cm, including this one.				6	Ground	3	180			X		1					2							X			0	X	X	X	0				X		X						X
Black Tern	Brown	Draw 1 [card]. If you do, discard 1 [card] from your hand at the end of your turn.				4	Wild	2	61			X	1		1					X		1				X			0			X	0	X				X			X				X	X
Black Vulture 	Pink	When another player's predator succeeds, gain 1 [die] from the birdfeeder.				2	Cavity	1	150	X												0				X	X		0				0			X	X	X
Black Woodpecker	Brown	Gain all [invertebrate] that are in the birdfeeder.				4	Cavity	2	70	X			2			1						3				X			0		X		0			X	X	X						X
Black-Bellied Whistling Duck	Brown	Discard 1 [seed] to tuck 2 [card] from the deck behind this bird.		X		2	Cavity	5	76			X		2								2	X			X	X		X	X			0				X	X							X
Black-Billed Magpie 	Pink	When another player's predator succeeds, gain 1 [die] from the birdfeeder.				3	Wild	3	64		X								2			2	X			X	X		0			X	0					X	X		X	X				X
Black-Chinned Hummingbird	Brown	All players gain a [fruit] from the supply.				4	Bowl	2	8	X	X	X							1			1	X			X		X	0				0						X	X						X
Black-Crowned Night-Heron 	Brown	Discard 1 [egg] from any of your other birds to gain 1 [wild] from the supply.				9	Platform	2	112			X	1		1		1					3	X			X			0		X		0	X			X				X		X		X
Black-Headed Gull	Brown	Steal 1 [wild] from another player's supply and add it to your own supply. They gain 1 [die] from the birdfeeder.				3	Ground	2	102			X	1						1			2	X			X	X		0			X	0				X		X						X
Black-Necked Stilt 	White	Draw 2 [card].				4	Ground	2	74			X	2									2	X			X			0			X	0		X		X								X
Black-Shouldered Kite	Brown	Reset the birdfeeder and gain 1 [rodent], if there is one. You may give it to another player; if you do, lay up to 3 [egg] on this bird.	X			2	Platform	3	87		X						2						X			X	X		0				X				X				X	X	X
Black-Tailed Godwit	White	Draw 1 new bonus card. Then draw 3 [card] and keep 1 of them.			X	6	Ground	2	76			X	2	1								3	X			X			0	X	X	X	0				X								X
Black-Throated Diver	Brown	Discard all remaining face-up [card] and refill the tray. If you do, draw 1 of the new face-up [card].				5	Ground	1	120			X			2							2	X			X			0			X	0	X			X								X
Blue Grosbeak	Brown	If this bird is to the right of all other birds in its habitat, move it to another habitat.				4	Bowl	3	28	X	X	X	1	2								3	X			X		X	0	X	X		0							X						X
Blue Jay	Brown	Gain 1 [seed] from the birdfeeder (if available). You may cache it on this card.				3	Bowl	2	41	X				1					1			2				X	X		0	X			0			X			X							X
Blue-Gray Gnatcatcher 	Brown	Gain 1 [invertebrate] from the supply.				1	Bowl	3	15	X			1									1				X	X		0				0		X	X				X						X
Blue-Winged Warbler						8	Bowl	2	20	X	X		2									2	X			X		X	0				0		X					X						X
Bluethroat	Brown	Choose a food type. All players gain 1 of that food from the supply.				7	Ground	5	22		X	X	1	1		1						3	X			X		X	0	X	X	X	0							X				X
Blyth's Hornbill	White	Discard all [egg] from 1 of your birds with a [cavity] nest. Tuck twice that many [card] from the deck behind this bird.		X		7	Cavity	2	150	X						3							X						X		X		0			X	X	X						X
Bobolink	White	Lay 1 [egg] on each of your birds with a [ground] nest.				4	Ground	3	30		X		1	2								3							0	X	X	X	0							X		X
Bonelli's Eagle	White	For each [rodent] in this bird's cost, you may pay 1 [card] from your hand instead. If you do, tuck the paid [card] behind this card.	X			8	Platform	1	160	X	X	X					3				X	3			X			X	0		X		X				X				X		X
Brant	White	Draw the 3 face-up [card] in the bird tray.				3	Ground	2	114			X		1					1			2					X		0	X		X	0				X		X						X
Brewer's Blackbird 	Brown	Tuck a [card] from your hand behind this bird. If you do, also lay 1 [egg] on this bird.		X		3	Bowl	3	41		X			1					1			2			X	X	X		X	X			0						X			X				X
Broad-Winged Hawk	Brown	Roll all dice not in birdfeeder. If any are a [rodent], gain 1 [rodent] and cache it on this card.	X			4	Platform	2	85	X							1					1	X						0				X			X	X				X		X
Brolga	Brown	Choose 1 other player. They lay 1 [egg]; you draw 2 [card].				6	Ground	2	215			X	1	1					1										0	X	X	X	0				X		X						X
Bronzed Cowbird 	Pink	When another player takes the "lay eggs" action, this bird lays 1 [egg] on another bird with a [bowl] nest.				5		0	36		X		1	1								2				X			0	X			0									X
Brown Falcon	Brown	Look at a [card] from the deck. If its food cost includes an [invertebrate] or a [rodent], tuck it behind this bird. If not, discard it.	X			5	Platform	2	102	X	X	X	1				1									X		X	0				X				X				X		X
Brown Pelican	White	Gain 3 [fish] from the supply.				4	Platform	2	201			X			2							2				X			0				0	X			X				X				X
Brown-Headed Cowbird 	Pink	When another player takes the "lay eggs" action, this bird lays 1 [egg] on another bird with a [bowl] nest.				3		0	30		X			1								1	X			X	X		0	X			0							X		X
Budgerigar	Brown	Tuck the smallest bird in the tray behind this bird.		X		0	Cavity	3	30	X	X	X		1													X	X	X	X			0					X		X
Bullfinch	Brown	Reset the birdfeeder. If you do, gain 1 [seed] or [fruit] from the birdfeeder after resetting.				3	Bowl	4	24	X				1		1						2					X		0	X			0			X				X				X		X
Burrowing Owl 	Brown	Roll all dice not in birdfeeder. If any are [rodent], gain 1 [rodent] and cache it on this card.	X			5	Wild	4	53		X		1				1					2							0			X	X					X			X	X	X			X
Bushtit	Brown	Tuck a [card] from your hand behind this bird. If you do, also lay 1 [egg] on this bird.		X		2	Wild	5	15	X	X	X	1	1								2					X	X	X	X		X	0					X		X	X					X
California Condor	White	Draw 2 new bonus cards and keep 1.			X	1	Ground	1	277	X	X	X										0		X			X	X	0			X	0				X
California Quail 	Brown	Lay 1 [egg] on this bird.				3	Ground	6	36	X	X		1	2								3		X			X	X	0	X	X	X	0
Canada Goose 	Brown	Discard 1 [seed] to tuck 2 [card] from the deck behind this bird.		X		3	Ground	3	132		X	X		2								2		X			X	X	X	X		X	0				X
Canvasback	Brown	All players draw 1 [card] from the deck.				4	Wild	4	82			X		1					1			2	X						0	X		X	0				X	X	X		X				X	X
Carolina Chickadee 	Brown	Gain 1 [seed] from the supply and cache it on this card.				2	Cavity	3	20	X			1	1						X		1		X			X		0	X			0			X		X		X
Carolina Wren	White	Draw 2 [card].				1	Cavity	5	20	X			1			1				X		1		X			X		0				0			X		X		X				X
Carrion Crow	Teal	Choose any 1 player (including yourself). Cache 1 [rodent] from the supply on this bird for each [predator] that player has.				3	Platform	2	92		X	X	1						1			2					X	X	0				0				X		X		X
Cassin's Finch	White	Draw 2 new bonus cards and keep 1.			X	4	Bowl	3	30	X				1		1						2			X				0	X			0			X				X				X		X
Cassin's Sparrow 	Brown	Lay 1 [egg] on any bird.				3	Ground	2	20		X		1	1								2			X		X		0	X		X	0							X		X
Cedar Waxwing	Brown	Tuck a [card] from your hand behind this bird. If you do, gain 1 [fruit] from the supply.		X		3	Bowl	3	25	X	X					2						2	X				X	X	X				0							X				X		X
Cerulean Warbler 	White	Draw 2 new bonus cards and keep 1.			X	4	Bowl	2	20	X			1	1								2				X			0	X			0			X				X						X
Cetti's Warbler	Teal	This bird counts double toward the end-of-round goal, if it qualifies for the goal.				4	Bowl	3	17			X	1	1								2			X				0	X			0							X					X	X
Chestnut-Collared Longspur 	White	Draw 2 new bonus cards and keep 1.			X	5	Ground	4	25		X		1	2								3	X			X			0	X	X	X	0							X		X
Chihuahuan Raven	Brown	Discard 1 [egg] from any of your other birds to gain 2 [wild] from the supply.				4	Platform	3	112		X						1		2			3		X					0		X		0				X		X		X	X	X
Chimney Swift	Brown	If this bird is to the right of all other birds in its habitat, move it to another habitat.				3	Wild	2	36	X	X	X	2									2					X	X	0			X	0		X			X			X					X
Chipping Sparrow 	Brown	Lay 1 [egg] on any bird.				1	Bowl	3	23	X	X		1	1						X		1					X	X	0	X			0							X						X
Clark's Grebe 	Brown	Draw 1 [card]. If you do, discard 1 [card] from your hand at the end of your turn.				5	Wild	2	61			X			1							1			X				0			X	0	X				X			X				X	X
Clark's Nutcracker 	Brown	Gain 1 [seed] from the birdfeeder (if available). You may cache it on this card.				5	Platform	2	61	X				2					1			3			X				0	X	X		0			X			X		X
Coal Tit	Brown	Gain 1 [seed] from the supply and cache it on this card. At any time, you may spend [seed] cached on this card.				2	Cavity	6	16	X			1	1								2				X	X		0	X			0			X		X		X
Cockatiel	Brown	Discard 1 [seed] to choose a [card] from the tray and tuck it behind this bird.		X		2	Cavity	5	32	X	X	X		1													X	X	X	X			0					X
Common Blackbird	White	Place this bird sideways, so that it covers 2 [forest] spaces. Pay the lower egg cost.				4	Bowl	5	36	X			1			2						3				X			0		X		0			X								X		X
Common Buzzard	White	Instead of paying any costs, you may play this bird on top of another bird on your player mat. Discard any eggs and food from that bird. It becomes a tucked card.	X			4	Platform	2	123	X	X	X					1				X	1						X	0				X				X				X		X
Common Chaffinch	Brown	Choose 1-5 birds in this habitat. Tuck 1 [card] from your hand behind each.		X		4	Bowl	2	23	X	X		1	1						X		1						X	X	X			0							X						X
Common Chiffchaff	Brown	Choose 1-5 birds in this habitat. Tuck 1 [card] from your hand behind each.		X		3	Ground	3	20	X		X	1	1		1				X		1					X	X	X	X		X	0							X				X
Common Cuckoo	Pink	When another player takes the "lay eggs" action, this bird lays 1 [egg] on another bird with a [bowl] or [ground] nest.				4		0	57	X	X		2									2						X	0				0		X
Common Goldeneye	Teal	Lay 1 [egg] on this bird for each other bird with a [cavity] nest that you have.				2	Cavity	4	73	X		X	1		1							2	X			X	X	X	0				0	X			X	X
Common Grackle 	Brown	Tuck a [card] from your hand behind this bird. If you do, also lay 1 [egg] on this bird.		X		3	Bowl	3	43	X	X	X		1					1			2					X	X	X	X			0						X							X
Common Kingfisher	Brown	Steal 1 [fish] from another player's supply and cache it on this bird. They gain 1 [die] from the birdfeeder.				4	Wild	5	26			X	1		2							3							0		X	X	0	X				X		X	X				X	X
Common Little Bittern	Brown	Gain 1 face-up [card] that can live in [grassland].				2	Platform	3	49			X	1		1							2					X		0				0	X							X				X
Common Loon	Brown	Player(s) with the fewest [wetland] birds: draw 1 [card].				6	Ground	1	117			X			1				1			2							0			X	0	X			X		X						X
Common Merganser 	Brown	Roll all dice not in birdfeeder. If any are [fish], gain 1 [fish] and cache it on this card.	X			5	Cavity	4	86			X			1				1			2							0				X	X			X	X	X						X
Common Moorhen	Brown	Discard 1 [wild] from your supply. If you do, play another bird in your [wetland]. Pay its normal food and egg cost.				3	Wild	6	53			X	1	1	1							3		X			X		0	X	X	X	0	X				X			X				X	X
Common Nighthawk 	Brown	If this bird is to the right of all other birds in its habitat, move it to another habitat.				3	Ground	2	56	X	X	X	2									2					X	X	0			X	0		X
Common Nightingale	Brown	Choose a food type. All players gain 1 of that food from the supply.				3	Bowl	4	23	X	X	X	1	1		1				X		1					X	X	0	X			0							X				X		X
Common Raven	Brown	Discard 1 [egg] from any of your other birds to gain 2 [wild] from the supply.				5	Platform	2	135	X	X	X					1		2			3						X	0		X		0				X		X		X		X
Common Starling	Teal	Discard up to 5 [wild] from your supply. For each, tuck 1 [card] from the deck behind this bird.		X		3	Cavity	4	38		X	X	1	1		1				X		1					X	X	X	X			0					X						X
Common Swift	Teal	Discard up to 5 [invertebrate] from your supply. For each, tuck 1 [card] from the deck behind this bird.		X		5	Cavity	2	46		X		1									1							X				0		X			X				X
Common Yellowthroat 	Brown	Draw 2 [card]. If you do, discard 1 [card] from your hand at the end of your turn.				1	Bowl	4	18			X	1									1	X			X	X		0				0		X					X					X	X
Cooper's Hawk 	Brown	Look at a [card] from the deck. If <75cm, tuck it behind this bird. If not, discard it.	X			3	Platform	2	79	X							1					1			X		X		0				X			X	X				X		X
Corsican Nuthatch	White	Draw 1 new bonus card. Then gain 1 [die] from the birdfeeder.			X	4	Cavity	2	21	X				2								2		X					0	X			0			X		X		X
Count Raggi's Bird-of-Paradise	Brown	Choose 1 other player. You both gain 1 [fruit] from the supply.				7	Bowl	2	22	X			1			2													0		X		0			X				X				X		X
Crested Pigeon	Yellow	Cache up to 8 [seed] from your supply on this bird.				3	Platform	4	45		X			1									X				X		0	X			0								X	X
Crimson Chat	Brown	Discard 1 [wild] to tuck 1 [card] from the deck behind this bird.		X		4	Bowl	2	19		X		1	1		1				X						X			X	X			0							X		X		X		X
Dark-Eyed Junco	Brown	Tuck a [card] from your hand behind this bird. If you do, gain 1 [seed] from the supply.		X		3	Ground	3	23	X	X		1	1								2	X				X	X	X	X		X	0							X
Dickcissel	Brown	Tuck a [card] from your hand behind this bird. If you do, also lay 1 [egg] on this bird.		X		4	Ground	3	25		X		1	2								3							X	X	X	X	0							X		X
Double-Crested Cormorant 	Brown	Discard [fish] to tuck 2 [card] from the deck behind this bird.		X		3	Platform	3	132			X			1				1			2	X				X		X				0	X			X		X		X				X
Downy Woodpecker 	White	Play a second bird in your [forest]. Pay its normal cost.				3	Cavity	2	30	X			1	1		1				X		1					X		0	X			0			X		X		X				X
Dunnock	Teal	Choose 1 other player. For each action cube on their [grassland], lay 1 [egg] on this bird.				1	Bowl	4	20	X			1	1								2					X		0	X			0			X				X						X
Eastern Bluebird	White	Play a second bird in your [grassland]. Pay its normal cost.				4	Cavity	5	33		X		1			1						2		X		X			0				0					X				X		X
Eastern Imperial Eagle	White	For each [rodent] in this bird's cost, you may pay 1 [card] from your hand instead. If you do, tuck the paid [card] behind this card.	X			7	Platform	2	200		X						3				X	3		X					0		X		X				X				X	X	X
Eastern Kingbird	Pink	When another player plays a [forest] bird, gain 1 [invertebrate] from the supply.				2	Bowl	2	38	X	X	X	1			1				X		1		X			X	X	0				0											X		X
Eastern Phoebe 	Brown	All players gain 1 [invertebrate] from the supply.				3	Wild	4	28	X	X	X	1			1				X		1		X			X	X	0			X	0					X		X	X			X		X
Eastern Rosella	Brown	All players gain 1 [nectar] from the supply. You also gain 1 [seed] from the supply.				4	Cavity	3	48	X	X			1				2						X		X		X	0	X	X		0					X
Eastern Screech Owl 	Brown	Roll all dice not in birdfeeder. If any are [rodent], gain 1 [rodent] and cache it on this card.	X			4	Cavity	2	51	X			1				1			X		1		X					0				X			X		X					X
Eastern Whipbird	Brown	Choose 1 other player. You both gain 1 [seed] from the supply.				5	Bowl	2	30	X			1	1										X					0	X			0			X				X						X
Eleonora's Falcon	Brown	Roll all dice not in the birdfeeder. If any are [rodent], place 1 [egg] on this card.				6	Ground	2	95			X	1				1					2			X				0			X	0				X						X		X
Emu	Brown	Gain all [seed] that are in the birdfeeder. Keep half (rounded up), then choose how to distribute the remainder among the other player(s).				4	Ground	6	*	X	X	X	1	1		1												X	0	X	X	X	0				X							X
Eurasian Collared-Dove	Teal	Discard up to 5 [wild] from your supply. For each, tuck 1 [card] from the deck behind this bird.		X		5	Platform	2	52		X			1		1						2	X	X					X	X			0								X	X		X
Eurasian Golden Oriole	Pink	When another player takes the "gain food" action, gain 1 [invertebrate] or [fruit] from the birdfeeder at the end of their turn.				4	Wild	2	46	X	X		1			1			1			3		X		X		X	0		X	X	0					X	X		X			X		X
Eurasian Green Woodpecker	Teal	This bird counts double toward the end-of-round goal, if it qualifies for the goal.				4	Cavity	3	48	X	X			1		1						2		X		X		X	0	X			0					X						X
Eurasian Hobby	White	Instead of paying any costs, you may play this bird on top of another bird on your player mat. Discard any eggs and food from that bird. It becomes a tucked card.	X			4	Platform	2	75	X	X	X	1				1			X	X	1		X				X	0				X				X				X		X
Eurasian Jay	Brown	Steal 1 [seed] from another player's supply and cache it on this bird. They gain 1 [die] from the birdfeeder.				4	Bowl	3	56	X			1	1					1			3		X					0	X	X		0			X			X							X
Eurasian Magpie	Teal	Choose 1 other player. For each action cube in their [grassland], cache 1 [wild] from the supply on any of your birds.				1	Platform	3	56		X		1						1			2		X			X		0				0						X		X	X
Eurasian Nutcracker	Brown	Choose 1-5 birds in your [forest]. Cache 1 [seed] from your supply on each.				5	Bowl	2	55	X				1								1		X					0	X			0			X										X
Eurasian Nuthatch	Brown	Gain 1 [seed] from the supply and cache it on this card. At any time, you may spend [seed] cached on this card.				3	Cavity	3	25	X			1	1								2		X			X		0	X			0			X		X		X
Eurasian Sparrowhawk	White	For each [rodent] in this bird's cost, you may pay 1 [card] from your hand instead. If you do, tuck the paid [card] behind this card.	X			4	Platform	2	65	X							1				X	1		X					0				X			X					X		X
Eurasian Tree Sparrow	Pink	When another player takes the "gain food" action, gain 1 [seed] from the birdfeeder at the end of their turn.				3	Cavity	4	21	X	X		1	1								2		X			X	X	0	X			0					X		X
European Bee-Eater	Brown	Reset the birdfeeder. If you do, gain 1 [invertebrate] from the birdfeeder after resetting.				3	Cavity	3	38		X		2									2		X			X		0				0		X			X				X
European Goldfinch	Pink	When another player tucks a [card] for any reason, tuck 1 [card] from the deck behind this bird.		X		6	Bowl	4	23	X	X			2		1						3		X		X		X	X	X	X		0							X				X		X
European Honey Buzzard	Teal	Reset the birdfeeder. If you do, gain all [invertebrate] in the birdfeeder after resetting.				4	Platform	1	134	X			1						1			2		X					0				0			X	X		X		X
European Robin	Brown	From the supply, gain 1 food of a type you already gained this turn.				4	Bowl	4	22	X			1	1		1						3		X					0	X	X		0			X				X				X		X
European Roller	White	Place this bird sideways, so that it covers 2 [grassland] spaces. Pay the lower egg cost.				3	Cavity	2	70		X		1				1					2		X			X		0				0				X	X				X	X
European Turtle Dove	White	Draw 1 new bonus card. Then gain 1 [die] from the birdfeeder, lay 1 [egg] on any bird, or draw 1 [card].			X	4	Platform	1	51	X	X	X		2								2		X				X	0	X			0								X
Ferruginous Hawk 	Brown	Roll all dice not in birdfeeder. If any are [rodent], gain 1 [rodent] and cache it on this card.	X			6	Platform	2	142		X						2					2				X			0				X				X				X	X	X
Fish Crow	Brown	Discard 1 [egg] from any of your other birds to gain 1 [wild] from the supply.				6	Platform	2	91	X	X	X			1				1			2						X	0				0	X			X		X		X
Forster's Tern 	Brown	Draw 1 [card]. If you do, discard 1 [card] from your hand at the end of your turn.				4	Wild	2	79			X	1		1					X		1			X				0			X	0	X			X	X			X				X	X
Franklin's Gull 	Brown	Discard 1 [egg] to draw 2 [card].				3	Wild	2	91		X	X			1				1			2			X		X	X	0			X	0	X			X	X	X		X					X
Galah	Brown	Choose 1 other player. They reset the birdfeeder and gain a [seed], if there is one. You tuck 2 [card] from the deck behind this bird.		X		5	Cavity	2	75	X	X			3														X	X	X	X		0				X	X
Goldcrest	Brown	Discard 1 [card] from your hand. If you do, play another bird in your [forest]. Pay its normal food and egg cost.				1	Bowl	6	15	X			1									1	X			X	X		0				0		X	X				X						X
Golden Eagle	Brown	Look at a [card] from the deck. If <100cm, tuck it behind this bird. If not, discard it.	X			8	Platform	1	201		X	X					3					3				X		X	0		X		X				X				X		X
Golden-Headed Cisticola	White	Play another bird in your [grassland]. Pay its normal cost with a 1 [egg] discount.				1	Wild	3	15		X		1										X			X	X		0			X	0		X			X		X	X	X				X
Gould's Finch	Yellow	Play a bird. Pay its normal food and egg cost. If it has a "when played" or "game end" power, you may use it.				3	Cavity	3	14	X	X	X		1													X	X	0	X			0					X		X
Grasshopper Sparrow 	Brown	Lay 1 [egg] on any bird.				2	Ground	2	20		X		1	1						X		1					X		0	X		X	0							X		X
Gray Catbird	Brown	Repeat a brown power on one other bird in this habitat.				5	Bowl	3	28	X	X	X	1			2						3				X		X	0		X		0							X				X		X
Great Blue Heron	White	Play a second bird in your [wetland]. Pay its normal cost.				5	Platform	2	183			X	1		1							2				X			0				0	X			X				X				X
Great Crested Flycatcher 	Brown	Gain 1 [invertebrate] from the birdfeeder, if there is one.				5	Cavity	3	33	X			1			1						2	X						0				0			X		X						X
Great Crested Grebe	Brown	Draw 1 [card] for each empty card slot in this row. At the end of your turn, keep 1 and discard the rest.				3	Wild	2	65			X			2							2	X				X		0			X	0	X				X			X				X	X
Great Egret	White	Play a second bird in your [wetland]. Pay its normal cost.				7	Platform	3	130			X			2		1					3							0		X		0	X			X				X		X		X
Great Horned Owl 	Brown	Look at a [card] from the deck. If <100cm, tuck it behind this bird. If not, discard it.	X			8	Platform	2	112	X							3					3							0		X		X			X	X				X		X
Great Tit	Brown	Reset the birdfeeder. If you do, gain 1 [die] from the birdfeeder after resetting.				4	Cavity	6	24	X			1	1		1						3							0	X	X		0			X		X		X				X
Greater Flamingo	Brown	Choose 1 other player. For each action cube on their [wetland], tuck 1 [card] from your hand behind this bird, then draw an equal number of [card].		X		3	Ground	1	152			X	1	2								3					X		X	X	X	X	0				X								X
Greater Prairie Chicken 	White	Draw 2 new bonus cards and keep 1.			X	5	Ground	4	71		X		1	2								3		X					0	X	X	X	0				X					X
Greater Roadrunner 	Brown	Look at a [card] from the deck. If <50cm, tuck it behind this bird. If not, discard it.	X			7	Platform	2	56		X		1				1		1			3							0		X		X						X		X	X	X
Green Heron	Brown	Trade 1 [wild] for any other [wild] from the supply.				4	Platform	3	66			X	1		1					X		1				X			0				0	X			X				X				X
Green Pygmy-Goose	Brown	Draw 2 [card] from the deck. Keep 1 and give the other to another player.				4	Cavity	4	54			X		2												X			0	X			0					X							X
Grey Butcherbird	Brown	Look at a [card] from the deck. If its wingspan is less than 40cm, tuck it behind this bird and cache 1 [rodent] from the supply on this bird. If not, discard it.	X			5	Bowl	2	40	X	X	X	1				1		1							X		X	0		X		X						X				X			X
Grey Heron	White	Place this bird sideways, so that it covers 2 [wetland] spaces. Pay the lower egg cost.				3	Platform	2	185			X			2							2				X	X		0				0	X			X				X				X
Grey Shrikethrush	Brown	Reset the birdfeeder and gain all [rodent], if there are any. You may cache any or all of them on this bird.	X			2	Bowl	3	26	X			1					1		X						X	X		0				X		X	X				X						X
Grey Teal	Brown	Look at 3 [card] from the deck. Keep 1 [wetland] bird, if there is one. You may add it to your hand or tuck it behind this bird. Discard the other cards.		X		2	Ground	5	64			X	1	1												X	X		X	X		X	0												X
Grey Warbler	White	Play another bird in your [forest]. Pay its normal cost with a 1 [egg] discount.				1	Wild	3	16	X			1	1		1				X						X	X		0	X		X	0			X		X		X	X			X		X
Grey-Headed Mannikin	Yellow	Play a bird. Pay its normal food cost, but ignore 1 [egg] in its egg cost. If it has a "when played" or "game end" power, you may use it.				2	Wild	3	15		X			1									X			X	X		0	X		X	0					X		X	X	X				X
Greylag Goose	Teal	This bird counts double toward the end-of-round goal, if it qualifies for the goal.				7	Ground	2	164			X		3								3				X			0	X	X	X	0				X								X
Griffon Vulture	Teal	Choose any 1 player (including yourself). Cache 1 [rodent] from the supply on this bird for each [predator] that player has.				1	Platform	1	252		X											0					X		0				0				X				X	X
Hawfinch	Brown	Reset the birdfeeder. If you do, gain 1 [seed] from the birdfeeder after resetting.				4	Bowl	2	30	X				2								2							0	X			0			X				X						X
Hermit Thrush	Brown	Player(s) with fewest [forest] birds gain 1 [die] from birdfeeder.				7	Wild	2	30	X			1			2						3							0		X	X	0			X		X		X	X			X		X
Hooded Crow	Teal	Choose 1 other player. For each action cube on their [grassland], tuck 1 [card] from your hand behind this bird, then draw an equal number of [card].		X		3	Platform	2	99		X	X	1						2			3					X	X	X		X		0				X		X		X
Hooded Merganser	Brown	Repeat 1 [predator] power in this habitat.				5	Cavity	4	61			X	1		1							2							0				0	X				X							X
Hooded Warbler						7	Bowl	3	18	X			2									2							0				0		X	X				X						X
Horned Lark	Pink	When another player plays a [grassland] bird, tuck 1 [card] from your hand behind this bird.		X		5	Ground	4	30		X		1	1								2							X	X		X	0							X		X
Horsfield's Bronze-Cuckoo	Pink	When another player takes the "lay eggs" action, lay 1 [egg] on a bird with a wingspan less than 30cm.				2		0	29	X	X	X	1													X	X	X	0				0		X					X
Horsfield's Bushlark	Brown	Discard 1 [seed]. If you do, lay up to 2 [egg] on this bird.				2	Ground	2	12		X		1	1													X		0	X		X	0							X		X
House Finch	Brown	Tuck a [card] from your hand behind this bird. If you do, draw 1 [card].		X		3	Bowl	6	25	X	X	X		1		1						2					X	X	X	X			0							X				X		X
House Sparrow	Teal	Discard up to 5 [seed] from your supply. For each, tuck 1 [card] from the deck behind this bird.		X		6	Cavity	5	22		X			1		1						2							X	X			0					X		X		X		X
House Wren	White	Play a second bird in your [grassland] or [forest]. Pay its normal cost.				1	Cavity	5	15	X	X		1									1					X	X	0				0		X			X		X
Inca Dove	White	Lay 1 [egg] on each of your birds with a [platform] nest.				2	Platform	4	28		X			2								2		X			X		0	X			0							X	X	X
Indigo Bunting 	Brown	Gain 1 [invertebrate] or [fruit] from the birdfeeder, if there is one.				5	Bowl	3	20	X	X		1	1		1						3				X		X	0	X	X		0							X				X		X
Juniper Titmouse 	Brown	Gain 1 [seed] from the supply and cache it on this card.				4	Cavity	3	23	X			1	1								2							0	X			0			X		X		X
Kākāpо̄	Yellow	Draw 4 bonus cards, keep 1, and discard the other 3.			X	4	Ground	2	*	X				1		1													0	X		X	0			X	X							X
Kea	White	Draw 1 bonus card. You may discard any number of [wild] to draw that many additional bonus cards. Keep 1 of the cards you drew and discard the rest.			X	5	Ground	2	90	X	X					1		1										X	0			X	0				X							X
Kelp Gull	Brown	Discard any number of [wild] to draw that many [card].				6	Ground	2	135			X			1				1										0			X	0	X			X		X						X
Kererū	Brown	If the player to your left has a [nectar] in their personal supply, gain 1 [nectar] from the general supply.				3	Platform	2	75	X						1		1									X		0				0			X	X				X			X
Killdeer	Brown	Discard 1 [egg] to draw 2 [card].				1	Ground	3	46		X	X	1	1						X		1					X	X	0	X		X	0
King Rail	White	Draw 2 new bonus cards and keep 1.			X	4	Platform	6	51			X	1		1				1			3							0		X		0	X					X		X				X
Korimako	Brown	Discard any number of [rodent] to gain that many [nectar] from the supply.				4	Bowl	3	22	X			1			1		1											0		X		0			X				X				X		X
Laughing Kookaburra	Brown	Reset the birdfeeder. If you do, gain 1 [invertebrate], [fish], or [rodent], if there is one.	X			1	Cavity	3	60	X	X	X	1		1		1			X							X	X	0				X	X				X					X
Lazuli Bunting 	Brown	All players lay 1 [egg] on any 1 [bowl] bird. You may lay 1 [egg] on 1 additional [bowl] bird.				4	Bowl	4	23		X		1	1		1						3				X			0	X	X		0							X		X		X		X
Lesser Frigatebird	Brown	All players may discard 1 [egg] from a [wetland] bird. Each player that discards an [egg] gains 1 [wild] from the supply.				9	Platform	1	175			X	1		2														0		X		0	X			X				X				X
Lesser Whitethroat	Teal	Choose a habitat with no [egg]. Lay 1 [egg] on each bird in that habitat.				0	Bowl	2	18	X	X		1			1						2	X			X	X	X	0				0							X				X		X
Lewin's Honeyeater	Brown	Choose 1 other player. you both gain 1 [nectar] from the supply.				5	Bowl	2	29	X						1		1											0				0			X				X				X		X
Lincoln's Sparrow	Brown	If this bird is to the right of all other birds in its habitat, move it to another habitat.				3	Ground	2	20	X	X	X	1	1								2			X		X	X	0	X		X	0							X
Little Bustard	White	Draw 1 new bonus card. Then gain 1 [card] or lay 1 [egg] on any bird.			X	4	Ground	2	110		X		1	1								2							0	X		X	0				X					X
Little Owl	Brown	Steal 1 [rodent] from another player's supply and cache it on this bird. They gain 1 [die] from the birdfeeder.				4	Cavity	2	56	X	X		1				1					2						X	0				0					X					X
Little Penguin	Brown	Draw and discard 5 [card] from the deck. For each [fish] in their food costs, cache 1 [fish] from the supply on this bird.	X			7	Wild	2	*			X			3														0		X	X	X	X			X	X			X				X	X
Little Pied Cormorant	Yellow	Lay 1 [egg] on each of your birds with a [platform] nest, including this one.				4	Platform	2	88			X	1		1														0				0	X			X				X				X
Loggerhead Shrike	Pink	When another player takes the "gain food" action, if they gain any number of [rodent], also gain 1 [rodent] from the supply and cache it on this card.				3	Bowl	4	30		X	X	1				1					2	X				X	X	0				0							X			X			X
Long-Tailed Tit	White	Place this bird sideways, so that it covers 2 [forest] spaces. Pay the lower egg cost.				0	Wild	4	18	X			1	1								2	X				X		0	X		X	0			X		X		X	X					X
Magpie-Lark	Yellow	Discard 2 [egg] from your [forest]. If you do, play 1 bird in your [grassland] at its normal food cost (ignore its egg cost). If it has a "when played" or "game end" power, you may use it.				5	Bowl	3	57		X		1	1						X									0	X			0									X				X
Major Mitchell's Cockatoo	Brown	Tuck 1 [card] from your hand behind this bird. If you do, all players gain 1 [seed] from the supply.		X		6	Cavity	2	81	X	X			2														X	X	X			0				X	X
Mallard	Brown	Draw 1 [card].				0	Ground	4	89			X	1	1						X		1					X		0	X		X	0				X								X
Malleefowl	Yellow	Lay 1 [egg] on each of your birds with a [ground] nest, including this one.				2	Ground	6	33	X	X			1					1					X			X	X	0	X		X	0						X
Maned Duck	Brown	Tuck up to 3 [card] from your hand behind this bird. If you tuck at least 1 [card], gain 1 [seed] from the supply.		X		2	Cavity	4	79			X							2								X		X				0				X	X	X						X
Many-Colored Fruit Dove	Brown	All players gain 1 [fruit] from the supply. You gain 1 additional [fruit] from the supply.				2	Platform	2	30	X						1											X		0				0			X				X	X			X
Masked Lapwing	White	Reset the birdfeeder, then, for each type of food in the birdfeeder, gain 1 of that type.				1	Ground	3	80		X	X	1	1						X			X				X	X	0	X		X	0				X
Mississippi Kite	Brown	Roll all dice not in birdfeeder. If any are [rodent], gain 1 [rodent] and cache it on this card.	X			4	Platform	1	79	X	X		1				1			X		1		X				X	0				X				X				X		X
Mistletoebird	Brown	Gain 1 [fruit] from the supply, or discard 1 [fruit] to gain 1 [nectar] from the supply.				3	Wild	4	18	X						2		1									X		0		X	X	0			X		X		X	X			X		X
Moltoni's Warbler	Teal	If you used all 4 types of actions this round, play another bird. Pay its normal food and egg cost.				3	Bowl	2	17		X		1			1						2			X		X		0				0							X		X		X		X
Montagu's Harrier	White	Instead of paying any costs, you may play this bird on top of another bird on your player mat. Discard any eggs and food from that bird. It becomes a tucked card.	X			4	Ground	2	113		X						2				X	2			X				0			X	X				X					X	X
Mountain Bluebird 	White	Play a second bird in your [grassland]. Pay its normal cost.				4	Cavity	5	36		X		1			1						2		X		X			0				0					X				X		X
Mountain Chickadee 	Brown	Gain 1 [seed] from the supply and cache it on this card.				2	Cavity	3	23	X			1	1						X		1		X			X		0	X			0			X		X		X
Mourning Dove 	Brown	Lay 1 [egg] on this bird.				0	Platform	5	46	X	X	X		1								1					X	X	0	X			0								X
Musk Duck	Brown	Draw 1 face-up [card] from the tray with a [ground] or [star] nest. You may reset or refill the tray before doing so.				2	Ground	2	87			X	1	1	1					X							X		0	X		X	0	X			X								X
Mute Swan	Brown	Choose 1-3 birds in your [wetland]. Tuck 1 [card] from your hand behind each. If you tuck at least 1 card, draw 1 [card].				4	Ground	3	220			X	1	1					1			3							0	X	X	X	0				X		X						X
New Holland Honeyeater	Brown	Gain 1 [nectar] from the birdfeeder, if there is one.				0	Bowl	3	20		X							1						X			X		0				0							X		X				X
Noisy Miner	Brown	Tuck 1 [card] from your hand behind this bird. If you do, lay up to 2 [egg] on this bird. All other players may lay 1 [egg].		X		3	Bowl	6	41	X	X		1					1	1								X	X	X		X		0						X							X
North Island Brown Kiwi	White	Discard a bonus card. If you do, draw 4 bonus cards, keep 2, and discard the other 2.			X	6	Wild	1	*	X	X		2	1										X		X		X	0	X	X	X	0				X	X			X					X
Northern Bobwhite	Brown	Lay 1 [egg] on this bird.				5	Ground	6	33		X			3								3		X		X			0	X	X	X	0									X
Northern Cardinal 	Brown	Gain 1 [fruit] from the supply.				3	Bowl	5	30	X				1		1						2		X			X		0	X			0			X				X				X		X
Northern Flicker	White	Gain all [invertebrate] that are in the birdfeeder.				2	Cavity	4	51	X	X		1	1		1				X		1		X			X	X	0	X			0					X						X
Northern Gannet	Brown	Roll all dice not in birdfeeder. If any are a [fish], gain that many [fish] from the supply and cache them on this bird.	X			5	Ground	1	173			X			2							2		X					0			X	X	X			X								X
Northern Goshawk	White	For each [rodent] in this bird's cost, you may pay 1 [card] from your hand instead. If you do, tuck the paid [card] behind this card.	X			5	Platform	2	106	X							2				X	2		X					0				X			X	X				X		X
Northern Harrier 	Brown	Look at a [card] from the deck. If <75cm, tuck it behind this bird. If not, discard it.	X			3	Platform	2	109		X	X					1					1		X			X	X	0				X				X				X		X
Northern Mockingbird 	Brown	Repeat a brown power on one other bird in this habitat.				2	Bowl	4	36	X	X	X	1			1						2		X			X	X	0				0											X		X
Northern Shoveler 	Brown	All players draw 1 [card] from the deck.				7	Ground	4	76			X	1	2								3		X					0	X	X	X	0				X								X
Orange-Footed Scrubfowl	Yellow	Lay 1 [egg] on each of your birds with a [ground] nest, including this one.				1	Ground	5	43	X				1		1				X			X	X		X	X		0	X		X	0			X								X
Osprey	Brown	All players gain 1 [fish] from the supply.				5	Platform	2	160			X			1							1							0				0	X			X				X				X
Pacific Black Duck	Yellow	For every 2 [egg] in your [wetland], lay 1 [egg] on this bird.				2	Cavity	6	88			X		1					1					X		X	X		0	X			0				X	X	X						X
Painted Bunting 	White	Draw 2 new bonus cards and keep 1.			X	5	Bowl	4	23		X		1	2								3							0	X	X		0							X		X				X
Painted Whitestart	Brown	Gain 1 [invertebrate] from the supply.				1	Ground	3	22	X			1									1				X	X		0			X	0		X	X				X
Parrot Crossbill	Brown	Remove any 1 [die] from the birdfeeder, then gain 1 [seed] from the supply.				6	Bowl	2	30	X				3								3	X						0	X	X		0			X				X						X
Peaceful Dove	Brown	Discard any number of [seed]. Lay 1 [egg] on this bird for each discarded [seed].				3	Platform	4	25	X	X			1													X	X	0	X			0							X	X
Peregrine Falcon 	Brown	Look at a [card] from the deck. If <100cm, tuck it behind this bird. If not, discard it.	X			5	Platform	2	104		X	X					2					2						X	0				X				X				X		X
Pesquet's Parrot	Brown	If the player to your right has a [nectar] in their personal supply, gain 1 [nectar] from the general supply.				3	Cavity	2	30	X						1		1									X		0				0			X		X		X				X
Pheasant Coucal	Pink	When another player takes the "lay eggs" action, lay 1 [egg] on this bird.				1	Ground	4	50		X		1				1										X		0			X	0									X	X
Pied-Billed Grebe 	Brown	Draw 2 [card]. If you do, discard 1 [card] from your hand at the end of your turn.				0	Platform	4	41			X	1		1					X		1	X				X		0				0	X							X				X
Pileated Woodpecker 	Brown	All players lay 1 [egg] on any 1 [cavity] bird. You may lay 1 [egg] on 1 additional [cavity] bird.				4	Cavity	2	74	X			1			1						2							0				0			X	X	X						X
Pine Siskin	Brown	Tuck a [card] from your hand behind this bird. If you do, gain 1 [seed] from the supply.		X		3	Bowl	2	23	X				2								2					X		X	X			0			X				X						X
Pink-Eared Duck	Brown	Draw 2 [card] from the deck. Keep 1 and give the other to another player.				4	Cavity	3	64			X		1					1				X			X			0	X			0					X	X						X
Plains-Wanderer	White	Draw 1 bonus card for each bird in your [grassland]. Keep 1 and discard the rest.			X	4	Ground	3	32		X		1	1										X					0	X		X	0									X
Princess Stephanie's Astrapia	Brown	Choose 1 other player. You both lay 1 [egg].				6	Platform	1	45	X			1			1													0				0			X					X			X
Prothonotary Warbler						8	Cavity	4	23	X		X	2	1								3						X	0	X	X		0					X		X
Pūkeko	Brown	Lay 1 [egg] on an adjacent bird.				4	Ground	3	78			X		2					1										0	X	X	X	0				X		X						X
Purple Gallinule 	Brown	All players draw 1 [card] from the deck.				7	Platform	4	56			X		1		1			1			3				X			0	X	X		0						X		X			X	X
Purple Martin	Brown	Tuck a [card] from your hand behind this bird. If you do, draw 1 [card].		X		2	Cavity	3	46		X	X	1									1				X	X	X	X				0		X			X
Pygmy Nuthatch	Brown	Tuck a [card] from your hand behind this bird. If you do, gain 1 [invertebrate] or 1 [seed] from the supply.		X		2	Cavity	4	20	X			1	1								2					X		X	X			0			X		X		X
Rainbow Lorikeet	Brown	Discard 1 [nectar] to the "spent nectar" space for your [forest]. If you do, gain 2 [die] from the birdfeeder.				1	Cavity	2	46	X						1		1									X		0				0			X		X						X
Red Crossbill	Brown	All players gain 1 [seed] from the supply.				6	Bowl	2	28	X				2								2	X			X			0	X			0			X				X						X
Red Kite	White	Instead of paying any costs, you may play this bird on top of another bird on your player mat. Discard any eggs and food from that bird. It becomes a tucked card.	X			4	Platform	2	157	X	X	X					1		1		X	2				X		X	0				X				X		X		X		X
Red Knot	White	Draw 1 new bonus card. Then draw 3 [card] and keep 1 of them.			X	7	Ground	2	50			X	3									3				X			0		X	X	0		X										X
Red Wattlebird	White	Gain 1 [nectar] from the supply for each bird with a wingspan less than 49cm in your [forest].				3	Bowl	2	49	X								2					X			X	X		0				0			X										X
Red-Backed Fairywren	Yellow	Lay 1 [egg] on each of your birds with a [star] nest, including this one.				4	Wild	3	15		X		1	1									X			X			0	X		X	0					X		X	X	X				X
Red-Backed Shrike	Brown	Steal 1 [invertebrate] from another player's supply and cache it on this bird. They gain 1 [die] from the birdfeeder.				5	Bowl	2	33		X		1				1		1			3	X			X			0		X		0						X			X	X			X
Red-Bellied Woodpecker 	Brown	Gain 1 [seed] from the birdfeeder (if available). You may cache it on this card.				1	Cavity	3	41	X			1	1						X		1	X			X	X		0	X			0			X		X
Red-Breasted Merganser	Brown	Draw 2 [card]. If you do, discard 1 [card] from your hand at the end of your turn.				3	Ground	4	78			X	1		1							2	X			X	X		0			X	0	X			X								X
Red-Breasted Nuthatch 	Brown	Gain 1 [seed] from the supply and cache it on this card.				2	Cavity	3	23	X			1	1						X		1	X			X	X		0	X			0			X		X		X
Red-Capped Robin	Brown	If the player to your left has an [invertebrate] in their personal supply, gain 1 [invertebrate] from the general supply.				2	Bowl	4	17	X			1										X			X	X		0				0		X	X				X						X
Red-Cockaded Woodpecker 	White	Draw 2 new bonus cards and keep 1.			X	4	Cavity	2	36	X			1			1						2				X			0				0			X		X						X
Red-Crowned Crane	White	Draw 3 new bonus cards and keep 1.			X	7	Ground	1	235			X	1	1	1							3	X			X			0	X	X	X	0	X			X								X
Red-Eyed Vireo 	White	Play a second bird in your [forest]. Pay its normal cost.				3	Wild	2	25	X			1			1				X		1	X			X	X		0			X	0			X		X		X	X			X		X
Red-Headed Woodpecker 	Brown	Gain 1 [seed] from the birdfeeder (if available). You may cache it on this card.				4	Cavity	3	43	X	X	X	1	1					1			3	X			X		X	0	X	X		0					X	X
Red-Legged Partridge	Brown	Lay 1 [egg] on each bird in this column, including this one.				1	Ground	6	48		X			3								3	X			X	X		0	X	X	X	0									X
Red-Necked Avocet	Brown	If the player to your left or right has an [invertebrate] in their personal supply, gain 1 [invertebrate] from the general supply.				4	Ground	2	75			X	1	1									X			X			0	X		X	0				X								X
Red-Shouldered Hawk 	Brown	Look at a [card] from the deck. If <75cm, tuck it under this bird. If not, discard it.	X			3	Platform	2	102	X							1					1	X			X	X		0				X			X	X				X		X
Red-Tailed Hawk 	Brown	Look at a [card] from the deck. If <75cm, tuck it behind this bird. If not, discard it.	X			5	Platform	2	124	X	X	X					2					2	X			X		X	0				X				X				X		X
Red-Winged Blackbird 	Brown	Tuck a [card] from your hand behind this bird. If you do, also lay 1 [egg] on this bird.		X		2	Bowl	3	33		X	X		1								1	X			X	X	X	X	X			0													X
Red-Winged Parrot	Brown	Give 1 [nectar] from your supply to another player. If you do, lay 2 [egg] on this bird or gain 2 [die] from the birdfeeder.				6	Cavity	2	49	X	X	X		1		1		1					X			X		X	0	X	X		0					X						X
Regent Bowerbird	Brown	Choose 1 other player. you both gain 1 [invertebrate] from the supply.				3	Bowl	2	36	X	X		1	1		1				X							X	X	0	X			0											X		X
Ring-Billed Gull	Brown	Tuck a [card] from your hand behind this bird. If you do, draw 1 [card].		X		4	Ground	2	122			X							2			2	X						X			X	0				X		X						X
Rose-Breasted Grosbeak 	Brown	Gain 1 [seed] or [fruit] from the birdfeeder, if there is one.				6	Bowl	3	33	X			1	1		1						3	X			X			0	X	X		0			X								X		X
Roseate Spoonbill 	White	Draw 2 new bonus cards and keep 1.			X	6	Platform	2	127			X	1	1	1							3	X			X			0	X	X		0	X			X				X				X
Royal Spoonbill	Brown	Draw 1 face-up [card] from the tray with a [platform] or [star] nest. You may reset or refill the tray before doing so.				4	Platform	2	120			X	1		1								X						0				0	X			X				X				X
Ruby-Crowned Kinglet 	White	Play a second bird in your [forest]. Pay its normal cost.				2	Bowl	3	20	X			1	1		1				X		1	X			X	X		0	X			0			X				X				X		X
Ruby-Throated Hummingbird	Brown	Each player gains 1 [die] from the birdfeeder, starting with the player of your choice.				4	Bowl	2	10	X	X	X							1			1	X			X		X	0				0						X	X						X
Ruddy Duck	Brown	Draw 2 [card]. If you do, discard 1 [card] from your hand at the end of your turn.				0	Platform	5	48			X	1	1						X		1				X	X		0	X			0								X				X
Ruff	Teal	Tuck up to 3 [card] from your hand behind this bird. Draw 1 [card] for each card you tucked.		X		2	Ground	2	56		X	X	1						1			2					X	X	X			X	0						X
Rufous Night-Heron	Brown	Look at a [card] from the deck. If it can live in [wetland], tuck it behind this bird. If not, discard it.	X			5	Platform	2	106			X	1		1											X			0				X	X			X				X				X
Rufous Owl	Brown	Draw 1 face-up [card] from the tray with a wingspan less than 75cm and tuck it behind this bird.	X			7	Cavity	2	115	X							3									X			0		X		X			X	X	X					X
Rufous-Banded Honeyeater	Brown	Discard 1 [invertebrate]. If you do, gain 1 [nectar] from the supply.				0	Bowl	4	22	X		X	1					1		X						X	X	X	0				0		X					X						X
Sacred Kingfisher	Pink	When another player takes the "gain food" action, gain 1 [invertebrate], [fish], or [rodent] from the birdfeeder, if there is one, at the end of their turn.	X			0	Cavity	4	30	X	X	X	1		1		1			X							X	X	0				X	X				X		X			X
Sandhill Crane	Brown	Discard 1 [seed] to tuck 2 [card] from the deck behind this bird.		X		5	Ground	1	196		X	X		2					1			3		X				X	X	X	X	X	0				X		X
Savannah Sparrow 	White	Play a second bird in your [grassland]. Pay its normal cost.				2	Ground	3	18		X		1	1						X		1		X			X		0	X		X	0							X		X
Savi's Warbler	Brown	Draw 2 [card]. All other players draw 1 [card] from the deck.				1	Bowl	4	20			X	1									1			X		X		0				0		X					X					X	X
Say's Phoebe	White	Lay 1 [egg] on each of your birds with a [bowl] nest.				5	Bowl	3	33		X		3									3			X				0		X		0		X							X				X
Scaled Quail	Brown	Lay 1 [egg] on this bird.				0	Ground	6	36		X			1								1					X		0	X		X	0									X
Scissor-Tailed Flycatcher 	Brown	All players gain 1 [invertebrate] from the supply.				8	Bowl	2	38		X		2			1						3	X						0		X		0									X		X		X
Short-Toed Treecreeper	Brown	Discard 1 [egg] from any bird. If you do, play another bird in your [forest]. Pay its normal food and egg cost.				2	Cavity	5	20	X			1	1								2	X				X		0	X			0			X		X		X
Silvereye	Brown	All players gain 1 [nectar] from the supply.				4	Bowl	4	17	X	X	X	1					1					X			X		X	0				0		X					X						X
Snow Bunting	Pink	When another player tucks a [card] for any reason, tuck 1 [card] from your hand behind this bird, then draw 1 [card] at the end of their turn.		X		5	Cavity	2	35		X	X	1	1								2						X	X	X			0					X
Snowy Egret 	Brown	Roll all dice not in birdfeeder. If any are [fish], gain 1 [fish] and cache it on this card.	X			4	Platform	2	104			X	1		1					X		1				X			0				X	X			X				X				X
Snowy Owl	White	Draw 1 new bonus card. Then gain 1 [card] or lay 1 [egg] on any bird.			X	4	Ground	3	138		X	X					2					2				X		X	0			X	0				X						X
Song Sparrow 	Brown	If this bird is to the right of all other birds in its habitat, move it to another habitat.				0	Bowl	5	20	X	X	X	1	1		1				X		1					X	X	0	X			0							X				X		X
South Island Robin	Brown	If the player to your right has an [invertebrate] in their supply, cache 1 [invertebrate] from the general supply on this bird.				1	Bowl	5	24	X	X		1											X			X	X	0				0		X					X						X
Southern Cassowary	White	Discard a bird from your [forest] and put this bird in its place (do not pay an egg cost). If you do, lay 4 [egg] on this bird and gain 2 [fruit] from the supply.				4	Ground	4	*	X						2			1					X					0		X	X	0			X	X		X					X
Spangled Drongo	Pink	When another player gains [nectar], gain 1 [nectar] from the supply.				1	Bowl	2	27	X			1					1	1								X		0		X		0			X			X	X						X
Splendid Fairywren	Yellow	Lay 1 [egg] on each of your birds with a wingspan less than 30cm, including this one.				1	Wild	5	15	X	X		2														X	X	0			X	0		X			X		X	X					X
Spotless Crake	Yellow	Lay 1 [egg] on each bird in your [wetland], including this one.				1	Ground	3	28			X	1	1						X							X		0	X		X	0							X					X
Spotted Owl	White	Draw 2 new bonus cards and keep 1.			X	5	Cavity	1	102	X							2					2							0				0			X	X	X					X
Spotted Sandpiper 	Brown	All players draw 1 [card] from the deck.				5	Ground	2	38			X	1									1							0			X	0		X										X
Spotted Towhee 	Brown	Gain 1 [seed] from the supply.				0	Ground	4	28	X	X		1	1		1				X		1					X	X	0	X		X	0							X				X
Sprague's Pipit	White	Draw 2 new bonus cards and keep 1.			X	3	Ground	3	25		X		1	1								2			X		X		0	X		X	0							X		X
Squacco Heron	Brown	Gain 1 face-up [card] that can live in [wetland].				3	Platform	2	86			X	1		1							2					X		0				0	X			X				X				X
Steller's Jay	Brown	Gain 1 [seed] from the birdfeeder (if available). You may cache it on this card.				5	Bowl	2	48	X				2					1			3			X				0	X	X		0			X			X							X
Stubble Quail	White	Discard up to 6 [wild]. Lay 1 [egg] on this bird for each discarded food.				4	Ground	6	29		X		1	1						X									0	X		X	0							X		X
Sulphur-Crested Cockatoo	Brown	Tuck 1 [card] from your hand behind this bird. If you do, all players gain 1 [nectar] from the supply.		X		6	Cavity	2	103	X				1		1							X			X			X	X			0			X	X	X						X
Superb Lyrebird	Brown	Copy a brown power on one bird in the [forest] of the player to your right.				5	Wild	1	73	X			2						1										0		X	X	0			X	X	X	X		X					X
Swainson's Hawk	Brown	Look at a [card] from the deck. If <75cm, tuck it behind this bird. If not, discard it.	X			5	Platform	2	130		X		1				1					2			X				0				X				X				X	X	X
Tawny Frogmouth	Brown	Reset the birdfeeder. Cache 1 [invertebrate] or 1 [rodent] from the birdfeeder (if available) on this bird.	X			5	Platform	2	82	X	X	X	2				1						X			X		X	0		X		X				X				X		X
Thekla's Lark	Brown	Discard 1 [seed] from your supply. If you do, lay 2 [egg] on this bird.				4	Ground	3	34		X		2	1								3			X				0	X	X	X	0									X
Tree Swallow 	Brown	Tuck a [card] from your hand behind this bird. If you do, draw 1 [card].		X		3	Cavity	4	38			X	1			1						2					X		X				0					X						X	X
Trumpeter Swan						9	Ground	2	203			X		2					1			3							0	X	X	X	0				X		X						X
Tufted Titmouse	White	Play a second bird in your [forest]. Pay its normal cost.				2	Cavity	3	25	X			1	1		1				X		1					X		0	X			0			X		X		X				X
Tūī	Brown	Copy a brown power on one bird in the [forest] of the player to your left.				5	Bowl	2	42	X			1					2											0		X		0		X	X										X
Turkey Vulture	Pink	When another player's predator succeeds, gain 1 [die] from the birdfeeder.				1	Cavity	1	170	X	X	X										0					X	X	0				0				X	X
Vaux's Swift	Brown	Tuck a [card] from your hand behind this bird. If you do, gain 1 [invertebrate] from the supply.		X		2	Cavity	3	31	X			1									1			X		X		X				0		X	X		X
Violet-Green Swallow 	Brown	Tuck a [card] from your hand behind this bird. If you do, draw 1 [card].		X		3	Cavity	3	36	X	X	X	2									2				X	X	X	X				0		X			X
Wedge-Tailed Eagle	Brown	Look at a [card] from the deck. If its wingspan is over 65cm, tuck it behind this bird and cache 1 [rodent] from the supply on this bird. If not, discard it.	X			7	Platform	2	207	X	X	X					3						X					X	0		X		X				X				X		X
Welcome Swallow	White	Tuck 1 [card] from the deck behind each bird in this habitat, including this bird.		X		1	Wild	5	28		X	X	2														X	X	X			X	0		X			X		X	X					X
Western Meadowlark	Brown	All players lay 1 [egg] on any 1 [ground] bird. You may lay 1 [egg] on 1 additional [ground] bird.				2	Ground	4	38		X		1	1								2		X			X		0	X		X	0									X
Western Tanager	Brown	Gain 1 [invertebrate] or [fruit] from the birdfeeder, if there is one.				6	Bowl	2	30	X			2			1						3		X					0		X		0			X				X				X		X
White Stork	Brown	Discard all remaining face-up [card] and refill the tray. If you do, draw 1 of the new face-up [card].				8	Platform	2	160		X	X	1		1				1			3				X		X	0		X		0	X			X		X		X
White Wagtail	Teal	If you used all 4 types of actions this round, play another bird. Pay its normal food and egg cost.				2	Bowl	5	28		X	X	2									2	X			X	X	X	0				0		X					X						X
White-Backed Woodpecker	Brown	Gain 1 [die] from the birdfeeder.				2	Cavity	2	39	X			1			1				X		1	X			X	X		0				0			X		X						X
White-Bellied Sea-Eagle	Brown	Reset the birdfeeder. Gain 1 [fish] or 1 [rodent] from the birdfeeder, if there is one, and cache it on this bird.	X			7	Platform	2	200	X		X			1		2						X	X		X		X	0		X		X	X			X				X		X
White-Breasted Nuthatch 	Brown	Gain 1 [seed] from the supply and cache it on this card.				2	Cavity	3	28	X			1	1						X		1	X			X	X		0	X			0			X		X		X
White-Breasted Woodswallow	White	Lay 1 [egg] on each bird in your [grassland], including this one.				3	Bowl	2	32		X		2										X			X	X		0				0		X							X				X
White-Crowned Sparrow 	Brown	If this bird is to the right of all other birds in its habitat, move it to another habitat.				2	Ground	5	25	X	X	X	1	1								2	X			X	X	X	0	X		X	0							X
White-Faced Heron	Brown	Reset the birdfeeder and gain all [fish], if there are any. You may cache any or all of them on this bird.	X			6	Platform	4	106			X	1		1		1						X			X			0		X		X	X			X				X		X		X
White-Faced Ibis 	Brown	Roll all dice not in birdfeeder. If any are [fish], gain 1 [fish] and cache it on this card.	X			8	Platform	2	91			X	2		1							3	X			X			0		X		X	X			X				X				X
White-Throated Dipper	Brown	Discard all remaining face-up [card] and refill the tray. If you do, draw 1 of the new face-up [card].				3	Cavity	4	28			X	1		1							2	X			X	X		0				0	X				X		X					X
White-Throated Swift	Brown	Tuck a [card] from your hand behind this bird. If you do, lay 1 [egg] on any bird.		X		2	Cavity	2	38		X		1									1	X			X	X		X				0		X			X				X
Whooping Crane	White	Draw 2 new bonus cards and keep 1.			X	6	Ground	1	221			X							3			3							0		X	X	0				X		X						X
Wild Turkey						8	Ground	5	135	X	X			2		1						3						X	0	X	X	X	0				X							X
Willet	Brown	Roll all dice not in birdfeeder. If any are [fish], gain 1 [fish] and cache it on this card.	X			4	Ground	2	66			X	1		1					X		1							0			X	X	X			X								X
Willie-Wagtail	Brown	Draw 1 face-up [card] from the tray with a [bowl] or [star] nest. You may reset or refill the tray before doing so.				2	Bowl	5	30	X	X	X	1						1				X				X	X	0				0						X	X						X
Wilson's Snipe	Brown	All players draw 1 [card] from the deck.				5	Ground	2	41			X	1									1			X				0			X	0		X										X
Wilson's Storm Petrel	Brown	Draw 1 [card] for each empty card slot in this row. At the end of your turn, keep 1 and discard the rest.				6	Wild	1	38			X	1		2							3			X				0		X	X	0	X				X			X				X	X
Wood Duck	Brown	Draw 2 [card]. If you do, discard 1 [card] from your hand at the end of your turn.				4	Cavity	4	76	X		X		2		1						3						X	0	X	X		0				X	X						X
Wood Stork	White	Draw 2 new bonus cards and keep 1.			X	6	Platform	2	155			X			1		1		1			3							0		X		0	X			X		X		X		X		X
Wrybill	White	Look through all discarded bonus cards. Keep 1 of them.			X	4	Ground	2	49			X	1		1								X						0			X	0	X											X
Yellow-Bellied Sapsucker 	Brown	Gain 1 [invertebrate] from the supply.				3	Cavity	3	41	X			1			1						2	X			X	X		0				0			X		X						X
Yellow-Billed Cuckoo	Pink	When another player takes the "lay eggs" action, this bird lays 1 [egg] on another bird with a [bowl] nest.				5	Platform	2	46	X			2						1			3	X			X			0		X		0			X			X		X
Yellow-Breasted Chat 	Brown	If this bird is to the right of all other birds in its habitat, move it to another habitat.				5	Bowl	3	25	X	X	X	1			2						3	X			X		X	0		X		0							X				X		X
Yellow-Headed Blackbird 	Brown	Tuck a [card] from your hand behind this bird. If you do, also lay 1 [egg] on this bird.		X		4	Bowl	3	38			X	1	1								2	X			X			X	X			0												X	X
Yellow-Rumped Warbler 	Brown	Tuck a [card] from your hand behind this bird. If you do, draw 1 [card].		X		1	Bowl	4	23	X			1	1		1				X		1	X			X	X		X	X			0			X				X				X		X
Yellowhammer	Teal	If you used all 4 types of actions this round, play another bird. Pay its normal food and egg cost.				2	Ground	3	26	X	X			2								2				X	X	X	0	X		X	0							X
